{"cameraMode":{"drawMode":0,"name":"Shaded","section":"Shading Mode"},"sceneLighting":true,"audioPlay":false,"sceneViewState":{"showFog":true,"showMaterialUpdate":true,"showSkybox":true,"showFlares":true,"showImageEffects":true,"showParticleSystems":true},"in2DMode":false,"pivot":{"x":206.67376708984376,"y":154.45101928710938,"z":159.42123413085938},"rotation":{"x":0.4439757466316223,"y":0.038956332951784137,"z":-0.0193251371383667,"w":0.8949829936027527},"size":503.3403625488281,"orthographic":false}