{"cameraMode":{"drawMode":0,"name":"Shaded","section":"Shading Mode"},"sceneLighting":true,"audioPlay":false,"sceneViewState":{"showFog":true,"showMaterialUpdate":true,"showSkybox":true,"showFlares":true,"showImageEffects":true,"showParticleSystems":true},"in2DMode":false,"pivot":{"x":172.28099060058595,"y":149.88385009765626,"z":-61.043853759765628},"rotation":{"x":-0.09073814749717713,"y":-0.14359790086746217,"z":0.013193766586482525,"w":-0.9855183959007263},"size":18.31320571899414,"orthographic":false}