{"cameraMode":{"drawMode":0,"name":"Shaded","section":"Shading Mode"},"sceneLighting":true,"audioPlay":false,"sceneViewState":{"showFog":true,"showMaterialUpdate":false,"showSkybox":true,"showFlares":true,"showImageEffects":true,"showParticleSystems":true},"in2DMode":false,"pivot":{"x":-9.194778442382813,"y":-37.42652893066406,"z":180.08815002441407},"rotation":{"x":0.25999999046325686,"y":-0.5127971172332764,"z":0.1664060652256012,"w":0.8011276125907898},"size":349.3954772949219,"orthographic":false}