{"cameraMode":{"drawMode":0,"name":"Shaded","section":"Shading Mode"},"sceneLighting":true,"audioPlay":false,"sceneViewState":{"showFog":true,"showMaterialUpdate":false,"showSkybox":true,"showFlares":true,"showImageEffects":true,"showParticleSystems":true},"in2DMode":false,"pivot":{"x":0.14053669571876527,"y":41.318946838378909,"z":17.680835723876954},"rotation":{"x":-0.11767782270908356,"y":0.803056538105011,"z":-0.1689029335975647,"w":-0.5594620704650879},"size":146.02365112304688,"orthographic":false}