{"cameraMode":{"drawMode":0,"name":"Shaded","section":"Shading Mode"},"sceneLighting":true,"audioPlay":false,"sceneViewState":{"showFog":true,"showMaterialUpdate":true,"showSkybox":true,"showFlares":true,"showImageEffects":true,"showParticleSystems":true},"in2DMode":false,"pivot":{"x":-117.37211608886719,"y":2.5044479370117189,"z":-17.517677307128908},"rotation":{"x":-0.017803285270929338,"y":0.7585748434066773,"z":-0.021502602845430375,"w":-0.6518639326095581},"size":250.91946411132813,"orthographic":false}