{"cameraMode":{"drawMode":0,"name":"Shaded","section":"Shading Mode"},"sceneLighting":true,"audioPlay":false,"sceneViewState":{"showFog":true,"showMaterialUpdate":true,"showSkybox":true,"showFlares":true,"showImageEffects":true,"showParticleSystems":true},"in2DMode":false,"pivot":{"x":28.568456649780275,"y":-25.08673095703125,"z":40.93811798095703},"rotation":{"x":-0.2431613951921463,"y":-0.16433672606945039,"z":0.04184134304523468,"w":-0.9550472497940064},"size":96.79943084716797,"orthographic":false}