{"cameraMode":{"drawMode":0,"name":"Shaded","section":"Shading Mode"},"sceneLighting":true,"audioPlay":false,"sceneViewState":{"showFog":true,"showMaterialUpdate":true,"showSkybox":true,"showFlares":true,"showImageEffects":true,"showParticleSystems":true},"in2DMode":false,"pivot":{"x":1.3600000143051148,"y":5.03000020980835,"z":7.539999961853027},"rotation":{"x":0.4492080807685852,"y":-0.11864703893661499,"z":0.06032812222838402,"w":0.8834565877914429},"size":13.048379898071289,"orthographic":false}