{"cameraMode":{"drawMode":0,"name":"Shaded","section":"Shading Mode"},"sceneLighting":true,"audioPlay":false,"sceneViewState":{"showFog":true,"showMaterialUpdate":true,"showSkybox":true,"showFlares":true,"showImageEffects":true,"showParticleSystems":true},"in2DMode":false,"pivot":{"x":22.83025550842285,"y":7.893765926361084,"z":-11.938919067382813},"rotation":{"x":0.025455715134739877,"y":0.9537501335144043,"z":-0.08250414580106735,"w":0.28991469740867617},"size":32.223243713378909,"orthographic":false}