{"cameraMode":{"drawMode":0,"name":"Shaded","section":"Shading Mode"},"sceneLighting":true,"audioPlay":false,"sceneViewState":{"showFog":true,"showMaterialUpdate":true,"showSkybox":true,"showFlares":true,"showImageEffects":true,"showParticleSystems":true},"in2DMode":false,"pivot":{"x":1.5699999332427979,"y":4.53000020980835,"z":16.030000686645509},"rotation":{"x":0.04487761855125427,"y":0.330178439617157,"z":-0.0152883380651474,"w":0.9433339238166809},"size":13.678388595581055,"orthographic":false}