{"cameraMode":{"drawMode":0,"name":"Shaded","section":"Shading Mode"},"sceneLighting":true,"audioPlay":false,"sceneViewState":{"showFog":true,"showMaterialUpdate":true,"showSkybox":true,"showFlares":true,"showImageEffects":true,"showParticleSystems":true},"in2DMode":false,"pivot":{"x":-15.307781219482422,"y":2.001420736312866,"z":36.30936813354492},"rotation":{"x":0.009640764445066452,"y":-0.6128170490264893,"z":0.00617735181003809,"w":0.7906900644302368},"size":64.91436767578125,"orthographic":false}