{"cameraMode":{"drawMode":0,"name":"Shaded","section":"Shading Mode"},"sceneLighting":true,"audioPlay":false,"sceneViewState":{"showFog":true,"showMaterialUpdate":true,"showSkybox":true,"showFlares":true,"showImageEffects":true,"showParticleSystems":true},"in2DMode":false,"pivot":{"x":138.41421508789063,"y":-205.70680236816407,"z":522.994384765625},"rotation":{"x":0.19490407407283784,"y":0.10833434015512467,"z":-0.02208915911614895,"w":0.9747198224067688},"size":580.5723876953125,"orthographic":false}