{"cameraMode":{"drawMode":0,"name":"Shaded","section":"Shading Mode"},"sceneLighting":true,"audioPlay":false,"sceneViewState":{"showFog":true,"showMaterialUpdate":true,"showSkybox":true,"showFlares":true,"showImageEffects":true,"showParticleSystems":true},"in2DMode":false,"pivot":{"x":85.65568542480469,"y":-8.801963806152344,"z":112.4970703125},"rotation":{"x":0.04487761855125427,"y":0.330178439617157,"z":-0.0152883380651474,"w":0.9433339238166809},"size":135.6064910888672,"orthographic":false}