{"cameraMode":{"drawMode":0,"name":"Shaded","section":"Shading Mode"},"sceneLighting":true,"audioPlay":false,"sceneViewState":{"showFog":true,"showMaterialUpdate":true,"showSkybox":true,"showFlares":true,"showImageEffects":true,"showParticleSystems":true},"in2DMode":false,"pivot":{"x":22.198766708374025,"y":9.46316909790039,"z":-2.1131792068481447},"rotation":{"x":0.2918775677680969,"y":0.27598199248313906,"z":-0.0883735790848732,"w":0.911505401134491},"size":2.8578836917877199,"orthographic":false}