{"cameraMode":{"drawMode":0,"name":"Shaded","section":"Shading Mode"},"sceneLighting":true,"audioPlay":false,"sceneViewState":{"showFog":true,"showMaterialUpdate":true,"showSkybox":true,"showFlares":true,"showImageEffects":true,"showParticleSystems":true},"in2DMode":false,"pivot":{"x":-116.5674057006836,"y":3.380176067352295,"z":-23.159692764282228},"rotation":{"x":-0.017803285270929338,"y":0.7585748434066773,"z":-0.021502602845430375,"w":-0.6518639326095581},"size":149.77842712402345,"orthographic":false}