{"cameraMode":{"drawMode":0,"name":"Shaded","section":"Shading Mode"},"sceneLighting":true,"audioPlay":false,"sceneViewState":{"showFog":true,"showMaterialUpdate":true,"showSkybox":true,"showFlares":true,"showImageEffects":true,"showParticleSystems":true},"in2DMode":false,"pivot":{"x":35.668128967285159,"y":10.264303207397461,"z":-8.384157180786133},"rotation":{"x":0.4492080807685852,"y":-0.11864703893661499,"z":0.06032812222838402,"w":0.8834565877914429},"size":137.3855438232422,"orthographic":false}