{"cameraMode":{"drawMode":0,"name":"Shaded","section":"Shading Mode"},"sceneLighting":true,"audioPlay":false,"sceneViewState":{"showFog":true,"showMaterialUpdate":true,"showSkybox":true,"showFlares":true,"showImageEffects":true,"showParticleSystems":true},"in2DMode":false,"pivot":{"x":24.346872329711915,"y":11.319060325622559,"z":-1.284800410270691},"rotation":{"x":-0.12766192853450776,"y":0.8563789129257202,"z":-0.2548794150352478,"w":-0.43187543749809267},"size":4.041658401489258,"orthographic":false}