{"cameraMode":{"drawMode":0,"name":"Shaded","section":"Shading Mode"},"sceneLighting":true,"audioPlay":false,"sceneViewState":{"showFog":true,"showMaterialUpdate":true,"showSkybox":true,"showFlares":true,"showImageEffects":true,"showParticleSystems":true},"in2DMode":false,"pivot":{"x":5.207235813140869,"y":2.840250015258789,"z":20.664819717407228},"rotation":{"x":0.06614276021718979,"y":0.37367933988571169,"z":-0.026723448187112809,"w":0.9248146414756775},"size":5.227668762207031,"orthographic":false}